{
  "rules": {
    "isAllUpperCase": {
      "weight": 0.31848912502075377
    },
    "containsYear": {
      "weight": -0.3263157894736842
    },
    "lengthRange": {
      "weight": 0.3926348995517185,
      "minLength": 5,
      "maxLength": 80
    },
    "positionRatio": {
      "weight": 0.04689689523493279
    },
    "wordCount": {
      "weight": 0.002105263157894721,
      "maxWords": 15
    },
    "hasColon": {
      "weight": -0.1721185455752947
    },
    "matchesPublicationPattern": {
      "weight": 0.9768636891914328
    }
  },
  "threshold": 0.8000000000000015,
  "trained": true
}