{
  "rules": {
    "isAllUpperCase": {
      "weight": 0.3372188864738028
    },
    "containsYear": {
      "weight": -0.34622913478307293
    },
    "lengthRange": {
      "weight": 0.6934268920032525,
      "minLength": 3,
      "maxLength": 30
    },
    "positionRatio": {
      "weight": 0.048572348581930824
    },
    "wordCount": {
      "weight": 0.35313378652525185,
      "maxWords": 10
    },
    "hasColon": {
      "weight": -0.16816716729217654
    },
    "matchesPublicationPattern": {
      "weight": 0.9776844502971848
    },
    "containNumbers": {
      "weight": -0.5202334768836531
    }
  },
  "trained": true
}