{
  "rules": {
    "isAllUpperCase": {
      "weight": 0.34581143182488283
    },
    "containsYear": {
      "weight": -0.34456622304462314
    },
    "lengthRange": {
      "weight": 0.6863176998078429,
      "minLength": 3,
      "maxLength": 30
    },
    "positionRatio": {
      "weight": 0.04428764602417723
    },
    "wordCount": {
      "weight": 0.35040210661162907,
      "maxWords": 10
    },
    "hasColon": {
      "weight": -0.16512890117971607
    },
    "matchesPublicationPattern": {
      "weight": 0.9777240054088677
    },
    "containNumbers": {
      "weight": -0.5180770051953597
    }
  },
  "trained": true
}