{
  "rules": {
    "isAllUpperCase": {
      "weight": 0.3411011792141686
    },
    "containsYear": {
      "weight": -0.3476297165617554
    },
    "lengthRange": {
      "weight": 0.6024455947659005,
      "minLength": 3,
      "maxLength": 50
    },
    "positionRatio": {
      "weight": 0.04838575094211006
    },
    "wordCount": {
      "weight": 0.3512927202247591,
      "maxWords": 10
    },
    "hasColon": {
      "weight": -0.1645981492387608
    },
    "containNumbers": {
      "weight": -0.5168035847647499
    }
  },
  "trained": true
}